"CITIZEN","TIME","GEO","AGE","SEX","UNIT","Value","Flag and Footnotes"
"Total","2006","Belgium","Total","Total","Number","10,511,382",""
"Total","2006","Bulgaria","Total","Total","Number","7,718,750",""
"Total","2006","Czech Republic","Total","Total","Number","10,251,079",""
"Total","2006","Denmark","Total","Total","Number","5,427,459",""
"Total","2006","Germany (until 1990 former territory of the FRG)","Total","Total","Number","82,437,995",""
"Total","2006","Estonia","Total","Total","Number","1,344,684",""
"Total","2006","Ireland","Total","Total","Number","4,208,156",""
"Total","2006","Greece","Total","Total","Number","11,125,179",""
"Total","2006","Spain","Total","Total","Number","44,009,967",""
"Total","2006","France","Total","Total","Number","62,998,773",""
"Total","2006","Croatia","Total","Total","Number",":",""
"Total","2006","Italy","Total","Total","Number","58,751,711",""
"Total","2006","Cyprus","Total","Total","Number","766,400",""
"Total","2006","Latvia","Total","Total","Number","2,294,590",""
"Total","2006","Lithuania","Total","Total","Number","3,289,835",""
"Total","2006","Luxembourg","Total","Total","Number","469,100","e"
"Total","2006","Hungary","Total","Total","Number","10,076,581",""
"Total","2006","Malta","Total","Total","Number","404,000",""
"Total","2006","Netherlands","Total","Total","Number","16,334,210",""
"Total","2006","Austria","Total","Total","Number","8,254,298",""
"Total","2006","Poland","Total","Total","Number","38,157,055",""
"Total","2006","Portugal","Total","Total","Number","10,569,592",""
"Total","2006","Romania","Total","Total","Number","21,610,213",""
"Total","2006","Slovenia","Total","Total","Number","2,003,358",""
"Total","2006","Slovakia","Total","Total","Number","5,389,180",""
"Total","2006","Finland","Total","Total","Number","5,255,580",""
"Total","2006","Sweden","Total","Total","Number","9,047,752",""
"Total","2006","United Kingdom","Total","Total","Number","60,393,000",""
"Total","2006","Iceland","Total","Total","Number","299,891",""
"Total","2006","Liechtenstein","Total","Total","Number",":",""
"Total","2006","Norway","Total","Total","Number","4,640,219",""
"Total","2006","Switzerland","Total","Total","Number","7,459,128",""
"Total","2007","Belgium","Total","Total","Number","10,584,534",""
"Total","2007","Bulgaria","Total","Total","Number","7,679,290",""
"Total","2007","Czech Republic","Total","Total","Number","10,287,189",""
"Total","2007","Denmark","Total","Total","Number","5,447,084",""
"Total","2007","Germany (until 1990 former territory of the FRG)","Total","Total","Number","82,314,906",""
"Total","2007","Estonia","Total","Total","Number","1,342,409",""
"Total","2007","Ireland","Total","Total","Number","4,340,118","b"
"Total","2007","Greece","Total","Total","Number","11,171,740",""
"Total","2007","Spain","Total","Total","Number","44,784,658",""
"Total","2007","France","Total","Total","Number","63,645,065","b"
"Total","2007","Croatia","Total","Total","Number","4,441,238",""
"Total","2007","Italy","Total","Total","Number","59,131,287",""
"Total","2007","Cyprus","Total","Total","Number","778,700",""
"Total","2007","Latvia","Total","Total","Number","2,281,305",""
"Total","2007","Lithuania","Total","Total","Number","3,249,983",""
"Total","2007","Luxembourg","Total","Total","Number","476,187","e"
"Total","2007","Hungary","Total","Total","Number","10,066,158",""
"Total","2007","Malta","Total","Total","Number","407,810",""
"Total","2007","Netherlands","Total","Total","Number","16,357,992",""
"Total","2007","Austria","Total","Total","Number","8,282,984",""
"Total","2007","Poland","Total","Total","Number","38,125,479",""
"Total","2007","Portugal","Total","Total","Number","10,599,095",""
"Total","2007","Romania","Total","Total","Number","21,565,119",""
"Total","2007","Slovenia","Total","Total","Number","2,010,377",""
"Total","2007","Slovakia","Total","Total","Number","5,393,637",""
"Total","2007","Finland","Total","Total","Number","5,276,955",""
"Total","2007","Sweden","Total","Total","Number","9,113,257",""
"Total","2007","United Kingdom","Total","Total","Number","60,852,828",""
"Total","2007","Iceland","Total","Total","Number",":",""
"Total","2007","Liechtenstein","Total","Total","Number",":",""
"Total","2007","Norway","Total","Total","Number","4,681,134",""
"Total","2007","Switzerland","Total","Total","Number","7,508,739",""
"Total","2008","Belgium","Total","Total","Number","10,666,866",""
"Total","2008","Bulgaria","Total","Total","Number","7,518,002","b"
"Total","2008","Czech Republic","Total","Total","Number","10,381,130",""
"Total","2008","Denmark","Total","Total","Number","5,475,751",""
"Total","2008","Germany (until 1990 former territory of the FRG)","Total","Total","Number","82,217,837",""
"Total","2008","Estonia","Total","Total","Number","1,340,935",""
"Total","2008","Ireland","Total","Total","Number","4,457,765",""
"Total","2008","Greece","Total","Total","Number","11,094,745",""
"Total","2008","Spain","Total","Total","Number","45,668,938",""
"Total","2008","France","Total","Total","Number","64,007,193",""
"Total","2008","Croatia","Total","Total","Number","4,436,401",""
"Total","2008","Italy","Total","Total","Number","59,619,290",""
"Total","2008","Cyprus","Total","Total","Number","789,258",""
"Total","2008","Latvia","Total","Total","Number","2,191,810","b"
"Total","2008","Lithuania","Total","Total","Number","3,212,605",""
"Total","2008","Luxembourg","Total","Total","Number","483,799","e"
"Total","2008","Hungary","Total","Total","Number","10,045,401",""
"Total","2008","Malta","Total","Total","Number","410,290","e"
"Total","2008","Netherlands","Total","Total","Number","16,405,399",""
"Total","2008","Austria","Total","Total","Number","8,309,665","b"
"Total","2008","Poland","Total","Total","Number","38,115,641",""
"Total","2008","Portugal","Total","Total","Number","10,617,575","p"
"Total","2008","Romania","Total","Total","Number","21,528,627",""
"Total","2008","Slovenia","Total","Total","Number","2,025,866",""
"Total","2008","Slovakia","Total","Total","Number","5,400,998",""
"Total","2008","Finland","Total","Total","Number","5,300,484",""
"Total","2008","Sweden","Total","Total","Number","9,182,927",""
"Total","2008","United Kingdom","Total","Total","Number","61,175,586",""
"Total","2008","Iceland","Total","Total","Number","315,459",""
"Total","2008","Liechtenstein","Total","Total","Number",":",""
"Total","2008","Norway","Total","Total","Number","4,737,171",""
"Total","2008","Switzerland","Total","Total","Number","7,593,494",""
"Total","2009","Belgium","Total","Total","Number","10,753,080","p"
"Total","2009","Bulgaria","Total","Total","Number","7,467,119",""
"Total","2009","Czech Republic","Total","Total","Number","10,467,542",""
"Total","2009","Denmark","Total","Total","Number","5,511,451",""
"Total","2009","Germany (until 1990 former territory of the FRG)","Total","Total","Number","82,002,356",""
"Total","2009","Estonia","Total","Total","Number","1,340,415",""
"Total","2009","Ireland","Total","Total","Number","4,521,322",""
"Total","2009","Greece","Total","Total","Number","11,094,745","b"
"Total","2009","Spain","Total","Total","Number","46,239,273",""
"Total","2009","France","Total","Total","Number","64,350,226",""
"Total","2009","Croatia","Total","Total","Number",":",""
"Total","2009","Italy","Total","Total","Number","59,000,586","b"
"Total","2009","Cyprus","Total","Total","Number","796,875",""
"Total","2009","Latvia","Total","Total","Number","2,162,834",""
"Total","2009","Lithuania","Total","Total","Number","3,183,856",""
"Total","2009","Luxembourg","Total","Total","Number","493,500",""
"Total","2009","Hungary","Total","Total","Number","10,030,975",""
"Total","2009","Malta","Total","Total","Number","410,926","b"
"Total","2009","Netherlands","Total","Total","Number","16,485,787",""
"Total","2009","Austria","Total","Total","Number","8,335,136",""
"Total","2009","Poland","Total","Total","Number",":",""
"Total","2009","Portugal","Total","Total","Number","10,563,014","b"
"Total","2009","Romania","Total","Total","Number","21,498,616",""
"Total","2009","Slovenia","Total","Total","Number","2,032,362","b"
"Total","2009","Slovakia","Total","Total","Number","5,412,254",""
"Total","2009","Finland","Total","Total","Number","5,326,314",""
"Total","2009","Sweden","Total","Total","Number","9,256,347",""
"Total","2009","United Kingdom","Total","Total","Number","62,042,343",""
"Total","2009","Iceland","Total","Total","Number","319,368",""
"Total","2009","Liechtenstein","Total","Total","Number","35,589",""
"Total","2009","Norway","Total","Total","Number","4,799,252",""
"Total","2009","Switzerland","Total","Total","Number","7,701,856",""
"Total","2010","Belgium","Total","Total","Number","10,839,905","p"
"Total","2010","Bulgaria","Total","Total","Number","7,421,766",""
"Total","2010","Czech Republic","Total","Total","Number","10,506,813",""
"Total","2010","Denmark","Total","Total","Number","5,534,738",""
"Total","2010","Germany (until 1990 former territory of the FRG)","Total","Total","Number","81,802,257",""
"Total","2010","Estonia","Total","Total","Number","1,340,127",""
"Total","2010","Ireland","Total","Total","Number","4,549,428",""
"Total","2010","Greece","Total","Total","Number","11,119,289",""
"Total","2010","Spain","Total","Total","Number","46,486,616",""
"Total","2010","France","Total","Total","Number","64,658,856",""
"Total","2010","Croatia","Total","Total","Number","4,425,747",""
"Total","2010","Italy","Total","Total","Number","59,190,143",""
"Total","2010","Cyprus","Total","Total","Number","819,140","b"
"Total","2010","Latvia","Total","Total","Number","2,120,504",""
"Total","2010","Lithuania","Total","Total","Number","3,141,976",""
"Total","2010","Luxembourg","Total","Total","Number","502,066",""
"Total","2010","Hungary","Total","Total","Number","10,014,324",""
"Total","2010","Malta","Total","Total","Number","414,027",""
"Total","2010","Netherlands","Total","Total","Number","16,574,989",""
"Total","2010","Austria","Total","Total","Number","8,351,687",""
"Total","2010","Poland","Total","Total","Number","38,022,869","bp"
"Total","2010","Portugal","Total","Total","Number","10,573,479",""
"Total","2010","Romania","Total","Total","Number","21,462,186",""
"Total","2010","Slovenia","Total","Total","Number","2,046,976",""
"Total","2010","Slovakia","Total","Total","Number","5,424,925",""
"Total","2010","Finland","Total","Total","Number","5,351,427",""
"Total","2010","Sweden","Total","Total","Number","9,340,682",""
"Total","2010","United Kingdom","Total","Total","Number","62,510,197",""
"Total","2010","Iceland","Total","Total","Number","317,630",""
"Total","2010","Liechtenstein","Total","Total","Number","35,894",""
"Total","2010","Norway","Total","Total","Number","4,854,512",""
"Total","2010","Switzerland","Total","Total","Number","7,785,806",""
"Total","2011","Belgium","Total","Total","Number","11,000,638","b"
"Total","2011","Bulgaria","Total","Total","Number","7,369,431",""
"Total","2011","Czech Republic","Total","Total","Number","10,532,770",""
"Total","2011","Denmark","Total","Total","Number","5,560,628",""
"Total","2011","Germany (until 1990 former territory of the FRG)","Total","Total","Number","80,222,065","b"
"Total","2011","Estonia","Total","Total","Number","1,320,976","b"
"Total","2011","Ireland","Total","Total","Number","4,570,881",""
"Total","2011","Greece","Total","Total","Number","11,123,392",""
"Total","2011","Spain","Total","Total","Number","46,667,173",""
"Total","2011","France","Total","Total","Number","64,978,721",""
"Total","2011","Croatia","Total","Total","Number",":",""
"Total","2011","Italy","Total","Total","Number","59,364,690",""
"Total","2011","Cyprus","Total","Total","Number","839,751",""
"Total","2011","Latvia","Total","Total","Number","2,074,605",""
"Total","2011","Lithuania","Total","Total","Number","3,052,588",""
"Total","2011","Luxembourg","Total","Total","Number","511,840",""
"Total","2011","Hungary","Total","Total","Number","9,985,722",""
"Total","2011","Malta","Total","Total","Number","414,989",""
"Total","2011","Netherlands","Total","Total","Number","16,655,799",""
"Total","2011","Austria","Total","Total","Number","8,374,950",""
"Total","2011","Poland","Total","Total","Number","38,062,718","p"
"Total","2011","Portugal","Total","Total","Number","10,572,721",""
"Total","2011","Romania","Total","Total","Number","21,413,815","p"
"Total","2011","Slovenia","Total","Total","Number","2,050,189",""
"Total","2011","Slovakia","Total","Total","Number","5,435,273",""
"Total","2011","Finland","Total","Total","Number","5,375,276",""
"Total","2011","Sweden","Total","Total","Number","9,415,570",""
"Total","2011","United Kingdom","Total","Total","Number","63,022,532",""
"Total","2011","Iceland","Total","Total","Number","318,452",""
"Total","2011","Liechtenstein","Total","Total","Number","36,149",""
"Total","2011","Norway","Total","Total","Number","4,918,169",""
"Total","2011","Switzerland","Total","Total","Number","7,870,134","b"
"Total","2012","Belgium","Total","Total","Number","11,094,850",""
"Total","2012","Bulgaria","Total","Total","Number","7,327,224",""
"Total","2012","Czech Republic","Total","Total","Number","10,505,445",""
"Total","2012","Denmark","Total","Total","Number","5,580,516",""
"Total","2012","Germany (until 1990 former territory of the FRG)","Total","Total","Number","80,327,900",""
"Total","2012","Estonia","Total","Total","Number","1,318,005",""
"Total","2012","Ireland","Total","Total","Number","4,582,707",""
"Total","2012","Greece","Total","Total","Number","11,086,406",""
"Total","2012","Spain","Total","Total","Number","46,818,214",""
"Total","2012","France","Total","Total","Number","65,276,983",""
"Total","2012","Croatia","Total","Total","Number",":","d"
"Total","2012","Italy","Total","Total","Number","59,394,207",""
"Total","2012","Cyprus","Total","Total","Number","862,011",""
"Total","2012","Latvia","Total","Total","Number","2,044,813",""
"Total","2012","Lithuania","Total","Total","Number","3,003,641",""
"Total","2012","Luxembourg","Total","Total","Number","524,853",""
"Total","2012","Hungary","Total","Total","Number","9,931,925",""
"Total","2012","Malta","Total","Total","Number","417,546",""
"Total","2012","Netherlands","Total","Total","Number","16,730,348",""
"Total","2012","Austria","Total","Total","Number","8,409,699",""
"Total","2012","Poland","Total","Total","Number","38,063,792","p"
"Total","2012","Portugal","Total","Total","Number","10,542,398",""
"Total","2012","Romania","Total","Total","Number","21,355,849","p"
"Total","2012","Slovenia","Total","Total","Number","2,055,496",""
"Total","2012","Slovakia","Total","Total","Number","5,404,322","b"
"Total","2012","Finland","Total","Total","Number","5,401,267",""
"Total","2012","Sweden","Total","Total","Number","9,482,855",""
"Total","2012","United Kingdom","Total","Total","Number","63,495,303",""
"Total","2012","Iceland","Total","Total","Number","319,575",""
"Total","2012","Liechtenstein","Total","Total","Number","36,475",""
"Total","2012","Norway","Total","Total","Number","4,979,711",""
"Total","2012","Switzerland","Total","Total","Number","7,954,662",""
"Total","2013","Belgium","Total","Total","Number","11,161,642",""
"Total","2013","Bulgaria","Total","Total","Number","7,284,552",""
"Total","2013","Czech Republic","Total","Total","Number","10,516,125",""
"Total","2013","Denmark","Total","Total","Number","5,602,628",""
"Total","2013","Germany (until 1990 former territory of the FRG)","Total","Total","Number","80,523,746",""
"Total","2013","Estonia","Total","Total","Number","1,320,174",""
"Total","2013","Ireland","Total","Total","Number","4,591,087",""
"Total","2013","Greece","Total","Total","Number","11,003,615",""
"Total","2013","Spain","Total","Total","Number","46,727,890",""
"Total","2013","France","Total","Total","Number","65,600,350",""
"Total","2013","Croatia","Total","Total","Number","4,262,140",""
"Total","2013","Italy","Total","Total","Number","59,685,227",""
"Total","2013","Cyprus","Total","Total","Number","865,878",""
"Total","2013","Latvia","Total","Total","Number","2,023,825",""
"Total","2013","Lithuania","Total","Total","Number","2,971,905",""
"Total","2013","Luxembourg","Total","Total","Number","537,039",""
"Total","2013","Hungary","Total","Total","Number","9,908,798",""
"Total","2013","Malta","Total","Total","Number","421,364",""
"Total","2013","Netherlands","Total","Total","Number","16,779,575",""
"Total","2013","Austria","Total","Total","Number","8,451,149",""
"Total","2013","Poland","Total","Total","Number","38,062,535","p"
"Total","2013","Portugal","Total","Total","Number","10,487,289",""
"Total","2013","Romania","Total","Total","Number","20,020,074","b"
"Total","2013","Slovenia","Total","Total","Number","2,058,821",""
"Total","2013","Slovakia","Total","Total","Number","5,410,836",""
"Total","2013","Finland","Total","Total","Number","5,426,674",""
"Total","2013","Sweden","Total","Total","Number","9,555,893",""
"Total","2013","United Kingdom","Total","Total","Number","63,905,297",""
"Total","2013","Iceland","Total","Total","Number","321,857",""
"Total","2013","Liechtenstein","Total","Total","Number","36,838",""
"Total","2013","Norway","Total","Total","Number","5,049,223",""
"Total","2013","Switzerland","Total","Total","Number","8,039,060",""
"Total","2014","Belgium","Total","Total","Number","11,203,992",""
"Total","2014","Bulgaria","Total","Total","Number","7,245,677",""
"Total","2014","Czech Republic","Total","Total","Number","10,512,419",""
"Total","2014","Denmark","Total","Total","Number","5,627,235",""
"Total","2014","Germany (until 1990 former territory of the FRG)","Total","Total","Number","80,767,463",""
"Total","2014","Estonia","Total","Total","Number","1,315,819",""
"Total","2014","Ireland","Total","Total","Number","4,605,501","p"
"Total","2014","Greece","Total","Total","Number","10,926,807",""
"Total","2014","Spain","Total","Total","Number","46,512,199",""
"Total","2014","France","Total","Total","Number","65,889,148","p"
"Total","2014","Croatia","Total","Total","Number","4,246,809",""
"Total","2014","Italy","Total","Total","Number","60,782,668",""
"Total","2014","Cyprus","Total","Total","Number","858,000",""
"Total","2014","Latvia","Total","Total","Number","2,001,468",""
"Total","2014","Lithuania","Total","Total","Number","2,943,472",""
"Total","2014","Luxembourg","Total","Total","Number","549,680",""
"Total","2014","Hungary","Total","Total","Number","9,877,365",""
"Total","2014","Malta","Total","Total","Number","425,384",""
"Total","2014","Netherlands","Total","Total","Number","16,829,289",""
"Total","2014","Austria","Total","Total","Number","8,506,889",""
"Total","2014","Poland","Total","Total","Number","38,017,856","p"
"Total","2014","Portugal","Total","Total","Number","10,427,301",""
"Total","2014","Romania","Total","Total","Number","19,947,311",""
"Total","2014","Slovenia","Total","Total","Number","2,061,085",""
"Total","2014","Slovakia","Total","Total","Number","5,415,949",""
"Total","2014","Finland","Total","Total","Number","5,451,270",""
"Total","2014","Sweden","Total","Total","Number","9,644,864",""
"Total","2014","United Kingdom","Total","Total","Number","64,308,261",""
"Total","2014","Iceland","Total","Total","Number","325,671",""
"Total","2014","Liechtenstein","Total","Total","Number","37,129",""
"Total","2014","Norway","Total","Total","Number","5,107,970",""
"Total","2014","Switzerland","Total","Total","Number","8,139,631",""
"Total","2015","Belgium","Total","Total","Number","11,208,986","b"
"Total","2015","Bulgaria","Total","Total","Number","7,202,198",""
"Total","2015","Czech Republic","Total","Total","Number","10,538,275",""
"Total","2015","Denmark","Total","Total","Number","5,659,715",""
"Total","2015","Germany (until 1990 former territory of the FRG)","Total","Total","Number","81,197,537",""
"Total","2015","Estonia","Total","Total","Number","1,313,271",""
"Total","2015","Ireland","Total","Total","Number","4,628,949","p"
"Total","2015","Greece","Total","Total","Number","10,858,018",""
"Total","2015","Spain","Total","Total","Number","46,449,565",""
"Total","2015","France","Total","Total","Number","66,415,161","b"
"Total","2015","Croatia","Total","Total","Number","4,225,316",""
"Total","2015","Italy","Total","Total","Number","60,795,612",""
"Total","2015","Cyprus","Total","Total","Number","847,008",""
"Total","2015","Latvia","Total","Total","Number","1,986,096",""
"Total","2015","Lithuania","Total","Total","Number","2,921,262",""
"Total","2015","Luxembourg","Total","Total","Number","562,958",""
"Total","2015","Hungary","Total","Total","Number","9,855,571",""
"Total","2015","Malta","Total","Total","Number","429,344",""
"Total","2015","Netherlands","Total","Total","Number","16,900,726",""
"Total","2015","Austria","Total","Total","Number","8,576,261",""
"Total","2015","Poland","Total","Total","Number","38,005,614","p"
"Total","2015","Portugal","Total","Total","Number","10,374,822",""
"Total","2015","Romania","Total","Total","Number","19,870,647",""
"Total","2015","Slovenia","Total","Total","Number","2,062,874",""
"Total","2015","Slovakia","Total","Total","Number","5,421,349",""
"Total","2015","Finland","Total","Total","Number","5,471,753",""
"Total","2015","Sweden","Total","Total","Number","9,747,355",""
"Total","2015","United Kingdom","Total","Total","Number","64,875,165",""
"Total","2015","Iceland","Total","Total","Number","329,100",""
"Total","2015","Liechtenstein","Total","Total","Number","37,366",""
"Total","2015","Norway","Total","Total","Number",":",""
"Total","2015","Switzerland","Total","Total","Number","8,237,666",""
"Reporting country","2006","Belgium","Total","Total","Number","9,610,909","e"
"Reporting country","2006","Bulgaria","Total","Total","Number","7,693,000","e"
"Reporting country","2006","Czech Republic","Total","Total","Number","9,992,719",""
"Reporting country","2006","Denmark","Total","Total","Number","5,157,408",""
"Reporting country","2006","Germany (until 1990 former territory of the FRG)","Total","Total","Number","75,148,846",""
"Reporting country","2006","Estonia","Total","Total","Number","1,103,000","e"
"Reporting country","2006","Ireland","Total","Total","Number","3,778,875",""
"Reporting country","2006","Greece","Total","Total","Number","10,241,000","e"
"Reporting country","2006","Spain","Total","Total","Number","40,079,051",""
"Reporting country","2006","France","Total","Total","Number","59,489,000","e"
"Reporting country","2006","Croatia","Total","Total","Number",":",""
"Reporting country","2006","Italy","Total","Total","Number","56,081,197",""
"Reporting country","2006","Cyprus","Total","Total","Number","656,200","e"
"Reporting country","2006","Latvia","Total","Total","Number","1,837,832","e"
"Reporting country","2006","Lithuania","Total","Total","Number","3,255,839",""
"Reporting country","2006","Luxembourg","Total","Total","Number","277,700",""
"Reporting country","2006","Hungary","Total","Total","Number","9,920,421",""
"Reporting country","2006","Malta","Total","Total","Number","392,000","e"
"Reporting country","2006","Netherlands","Total","Total","Number","15,642,853",""
"Reporting country","2006","Austria","Total","Total","Number","7,457,632",""
"Reporting country","2006","Poland","Total","Total","Number","38,107,556","e"
"Reporting country","2006","Portugal","Total","Total","Number","10,294,000","e"
"Reporting country","2006","Romania","Total","Total","Number","21,584,220",""
"Reporting country","2006","Slovenia","Total","Total","Number","1,954,390",""
"Reporting country","2006","Slovakia","Total","Total","Number","5,363,617",""
"Reporting country","2006","Finland","Total","Total","Number","5,141,728",""
"Reporting country","2006","Sweden","Total","Total","Number","8,567,853",""
"Reporting country","2006","United Kingdom","Total","Total","Number","56,968,000","e"
"Reporting country","2006","Iceland","Total","Total","Number","286,113",""
"Reporting country","2006","Liechtenstein","Total","Total","Number",":",""
"Reporting country","2006","Norway","Total","Total","Number","4,417,942",""
"Reporting country","2006","Switzerland","Total","Total","Number","5,917,216",""
"Reporting country","2007","Belgium","Total","Total","Number","9,652,373",""
"Reporting country","2007","Bulgaria","Total","Total","Number","7,653,800","e"
"Reporting country","2007","Czech Republic","Total","Total","Number","9,990,953",""
"Reporting country","2007","Denmark","Total","Total","Number","5,168,988",""
"Reporting country","2007","Germany (until 1990 former territory of the FRG)","Total","Total","Number","75,058,957",""
"Reporting country","2007","Estonia","Total","Total","Number","1,106,000","e"
"Reporting country","2007","Ireland","Total","Total","Number","3,841,412","b"
"Reporting country","2007","Greece","Total","Total","Number","10,284,200","e"
"Reporting country","2007","Spain","Total","Total","Number","40,335,227",""
"Reporting country","2007","France","Total","Total","Number","59,959,521","e"
"Reporting country","2007","Croatia","Total","Total","Number","4,405,000",""
"Reporting country","2007","Italy","Total","Total","Number","56,192,365",""
"Reporting country","2007","Cyprus","Total","Total","Number","660,600",""
"Reporting country","2007","Latvia","Total","Total","Number","1,848,354",""
"Reporting country","2007","Lithuania","Total","Total","Number","3,216,760",""
"Reporting country","2007","Luxembourg","Total","Total","Number","277,974",""
"Reporting country","2007","Hungary","Total","Total","Number","9,898,285",""
"Reporting country","2007","Malta","Total","Total","Number","393,933",""
"Reporting country","2007","Netherlands","Total","Total","Number","15,676,060",""
"Reporting country","2007","Austria","Total","Total","Number","7,478,205",""
"Reporting country","2007","Poland","Total","Total","Number","38,070,596",""
"Reporting country","2007","Portugal","Total","Total","Number","10,164,200","e"
"Reporting country","2007","Romania","Total","Total","Number","21,539,050",""
"Reporting country","2007","Slovenia","Total","Total","Number","1,956,822",""
"Reporting country","2007","Slovakia","Total","Total","Number","5,361,507",""
"Reporting country","2007","Finland","Total","Total","Number","5,155,216",""
"Reporting country","2007","Sweden","Total","Total","Number","8,621,261",""
"Reporting country","2007","United Kingdom","Total","Total","Number","57,192,900","e"
"Reporting country","2007","Iceland","Total","Total","Number",":",""
"Reporting country","2007","Liechtenstein","Total","Total","Number",":",""
"Reporting country","2007","Norway","Total","Total","Number","4,442,829",""
"Reporting country","2007","Switzerland","Total","Total","Number","5,954,212",""
"Reporting country","2008","Belgium","Total","Total","Number","9,695,418",""
"Reporting country","2008","Bulgaria","Total","Total","Number","7,481,663",""
"Reporting country","2008","Czech Republic","Total","Total","Number","10,033,481",""
"Reporting country","2008","Denmark","Total","Total","Number","5,177,301",""
"Reporting country","2008","Germany (until 1990 former territory of the FRG)","Total","Total","Number","74,962,442",""
"Reporting country","2008","Estonia","Total","Total","Number","1,111,600","e"
"Reporting country","2008","Ireland","Total","Total","Number","3,898,744",""
"Reporting country","2008","Greece","Total","Total","Number","10,167,161","e"
"Reporting country","2008","Spain","Total","Total","Number","40,582,645",""
"Reporting country","2008","France","Total","Total","Number","60,297,379","e"
"Reporting country","2008","Croatia","Total","Total","Number","4,399,300","e"
"Reporting country","2008","Italy","Total","Total","Number","56,186,639",""
"Reporting country","2008","Cyprus","Total","Total","Number","664,000","e"
"Reporting country","2008","Latvia","Total","Total","Number","1,786,934",""
"Reporting country","2008","Lithuania","Total","Total","Number","3,179,898",""
"Reporting country","2008","Luxembourg","Total","Total","Number","277,910",""
"Reporting country","2008","Hungary","Total","Total","Number","9,868,821",""
"Reporting country","2008","Malta","Total","Total","Number","394,830",""
"Reporting country","2008","Netherlands","Total","Total","Number","15,717,024",""
"Reporting country","2008","Austria","Total","Total","Number","7,481,495",""
"Reporting country","2008","Poland","Total","Total","Number","38,057,799",""
"Reporting country","2008","Portugal","Total","Total","Number","10,171,242",""
"Reporting country","2008","Romania","Total","Total","Number","21,502,527",""
"Reporting country","2008","Slovenia","Total","Total","Number","1,957,245",""
"Reporting country","2008","Slovakia","Total","Total","Number","5,360,094",""
"Reporting country","2008","Finland","Total","Total","Number","5,167,776",""
"Reporting country","2008","Sweden","Total","Total","Number","8,658,439",""
"Reporting country","2008","United Kingdom","Total","Total","Number","57,154,800","e"
"Reporting country","2008","Iceland","Total","Total","Number","292,038",""
"Reporting country","2008","Liechtenstein","Total","Total","Number",":",""
"Reporting country","2008","Norway","Total","Total","Number","4,470,911",""
"Reporting country","2008","Switzerland","Total","Total","Number","5,991,401",""
"Reporting country","2009","Belgium","Total","Total","Number","9,739,820","p"
"Reporting country","2009","Bulgaria","Total","Total","Number","7,429,912",""
"Reporting country","2009","Czech Republic","Total","Total","Number","10,060,001",""
"Reporting country","2009","Denmark","Total","Total","Number","5,191,263",""
"Reporting country","2009","Germany (until 1990 former territory of the FRG)","Total","Total","Number","74,816,435",""
"Reporting country","2009","Estonia","Total","Total","Number","1,124,918",""
"Reporting country","2009","Ireland","Total","Total","Number","3,941,552",""
"Reporting country","2009","Greece","Total","Total","Number","10,167,161",""
"Reporting country","2009","Spain","Total","Total","Number","40,852,614",""
"Reporting country","2009","France","Total","Total","Number","60,599,820",""
"Reporting country","2009","Croatia","Total","Total","Number",":",""
"Reporting country","2009","Italy","Total","Total","Number","55,598,151",""
"Reporting country","2009","Cyprus","Total","Total","Number","668,700",""
"Reporting country","2009","Latvia","Total","Total","Number","1,780,130",""
"Reporting country","2009","Lithuania","Total","Total","Number","3,152,473",""
"Reporting country","2009","Luxembourg","Total","Total","Number","277,991",""
"Reporting country","2009","Hungary","Total","Total","Number","9,844,610",""
"Reporting country","2009","Malta","Total","Total","Number","394,135",""
"Reporting country","2009","Netherlands","Total","Total","Number","15,766,293",""
"Reporting country","2009","Austria","Total","Total","Number","7,478,093",""
"Reporting country","2009","Poland","Total","Total","Number",":",""
"Reporting country","2009","Portugal","Total","Total","Number","10,122,737",""
"Reporting country","2009","Romania","Total","Total","Number","21,466,951",""
"Reporting country","2009","Slovenia","Total","Total","Number","1,961,639","b"
"Reporting country","2009","Slovakia","Total","Total","Number","5,359,709",""
"Reporting country","2009","Finland","Total","Total","Number","5,183,058",""
"Reporting country","2009","Sweden","Total","Total","Number","8,694,223",""
"Reporting country","2009","United Kingdom","Total","Total","Number","57,767,907",""
"Reporting country","2009","Iceland","Total","Total","Number","294,989",""
"Reporting country","2009","Liechtenstein","Total","Total","Number","23,819",""
"Reporting country","2009","Norway","Total","Total","Number","4,496,275",""
"Reporting country","2009","Switzerland","Total","Total","Number","6,032,141",""
"Reporting country","2010","Belgium","Total","Total","Number","9,782,239","p"
"Reporting country","2010","Bulgaria","Total","Total","Number","7,383,692",""
"Reporting country","2010","Czech Republic","Total","Total","Number","10,082,394",""
"Reporting country","2010","Denmark","Total","Total","Number","5,204,798",""
"Reporting country","2010","Germany (until 1990 former territory of the FRG)","Total","Total","Number","74,671,338",""
"Reporting country","2010","Estonia","Total","Total","Number","1,126,708",""
"Reporting country","2010","Ireland","Total","Total","Number","3,979,238",""
"Reporting country","2010","Greece","Total","Total","Number","10,187,865",""
"Reporting country","2010","Spain","Total","Total","Number","41,084,041",""
"Reporting country","2010","France","Total","Total","Number","60,834,266",""
"Reporting country","2010","Croatia","Total","Total","Number",":",""
"Reporting country","2010","Italy","Total","Total","Number","55,542,015",""
"Reporting country","2010","Cyprus","Total","Total","Number","653,163",""
"Reporting country","2010","Latvia","Total","Total","Number","1,758,126",""
"Reporting country","2010","Lithuania","Total","Total","Number","3,114,378",""
"Reporting country","2010","Luxembourg","Total","Total","Number","285,721",""
"Reporting country","2010","Hungary","Total","Total","Number","9,814,319",""
"Reporting country","2010","Malta","Total","Total","Number","395,075",""
"Reporting country","2010","Netherlands","Total","Total","Number","15,839,792",""
"Reporting country","2010","Austria","Total","Total","Number","7,471,136",""
"Reporting country","2010","Poland","Total","Total","Number","37,936,397",""
"Reporting country","2010","Portugal","Total","Total","Number","10,119,288",""
"Reporting country","2010","Romania","Total","Total","Number",":",""
"Reporting country","2010","Slovenia","Total","Total","Number","1,964,660",""
"Reporting country","2010","Slovakia","Total","Total","Number","5,362,043",""
"Reporting country","2010","Finland","Total","Total","Number","5,195,722",""
"Reporting country","2010","Sweden","Total","Total","Number","8,737,789",""
"Reporting country","2010","United Kingdom","Total","Total","Number","58,052,469",""
"Reporting country","2010","Iceland","Total","Total","Number","295,929",""
"Reporting country","2010","Liechtenstein","Total","Total","Number","24,008",""
"Reporting country","2010","Norway","Total","Total","Number","4,522,809",""
"Reporting country","2010","Switzerland","Total","Total","Number","6,071,802",""
"Reporting country","2011","Belgium","Total","Total","Number","9,832,010","b"
"Reporting country","2011","Bulgaria","Total","Total","Number","7,330,544",""
"Reporting country","2011","Czech Republic","Total","Total","Number","10,116,033",""
"Reporting country","2011","Denmark","Total","Total","Number","5,214,582",""
"Reporting country","2011","Germany (until 1990 former territory of the FRG)","Total","Total","Number","74,114,849",""
"Reporting country","2011","Estonia","Total","Total","Number","1,112,451","b"
"Reporting country","2011","Ireland","Total","Total","Number","4,010,403",""
"Reporting country","2011","Greece","Total","Total","Number","10,188,997",""
"Reporting country","2011","Spain","Total","Total","Number","41,354,734",""
"Reporting country","2011","France","Total","Total","Number","61,103,625",""
"Reporting country","2011","Croatia","Total","Total","Number",":",""
"Reporting country","2011","Italy","Total","Total","Number","55,485,466",""
"Reporting country","2011","Cyprus","Total","Total","Number","669,009",""
"Reporting country","2011","Latvia","Total","Total","Number","1,731,806",""
"Reporting country","2011","Lithuania","Total","Total","Number","3,028,449",""
"Reporting country","2011","Luxembourg","Total","Total","Number","290,476",""
"Reporting country","2011","Hungary","Total","Total","Number","9,776,520",""
"Reporting country","2011","Malta","Total","Total","Number","395,850",""
"Reporting country","2011","Netherlands","Total","Total","Number","15,895,431",""
"Reporting country","2011","Austria","Total","Total","Number","7,464,902",""
"Reporting country","2011","Poland","Total","Total","Number","37,970,279","p"
"Reporting country","2011","Portugal","Total","Total","Number","10,127,459",""
"Reporting country","2011","Romania","Total","Total","Number",":",""
"Reporting country","2011","Slovenia","Total","Total","Number","1,967,443",""
"Reporting country","2011","Slovakia","Total","Total","Number","5,367,297",""
"Reporting country","2011","Finland","Total","Total","Number","5,207,322",""
"Reporting country","2011","Sweden","Total","Total","Number","8,782,278",""
"Reporting country","2011","United Kingdom","Total","Total","Number","58,448,576",""
"Reporting country","2011","Iceland","Total","Total","Number","297,309",""
"Reporting country","2011","Liechtenstein","Total","Total","Number","24,145",""
"Reporting country","2011","Norway","Total","Total","Number","4,549,600",""
"Reporting country","2011","Switzerland","Total","Total","Number","6,103,857","b"
"Reporting country","2012","Belgium","Total","Total","Number","9,866,885",""
"Reporting country","2012","Bulgaria","Total","Total","Number","7,287,717",""
"Reporting country","2012","Czech Republic","Total","Total","Number","10,082,454",""
"Reporting country","2012","Denmark","Total","Total","Number","5,221,658",""
"Reporting country","2012","Germany (until 1990 former territory of the FRG)","Total","Total","Number","73,985,506",""
"Reporting country","2012","Estonia","Total","Total","Number","1,110,933",""
"Reporting country","2012","Ireland","Total","Total","Number","4,033,792",""
"Reporting country","2012","Greece","Total","Total","Number","10,164,959",""
"Reporting country","2012","Spain","Total","Total","Number","41,582,184",""
"Reporting country","2012","France","Total","Total","Number","61,332,258",""
"Reporting country","2012","Croatia","Total","Total","Number",":","d"
"Reporting country","2012","Italy","Total","Total","Number","55,342,126",""
"Reporting country","2012","Cyprus","Total","Total","Number","683,994",""
"Reporting country","2012","Latvia","Total","Total","Number","1,720,525",""
"Reporting country","2012","Lithuania","Total","Total","Number","2,978,563",""
"Reporting country","2012","Luxembourg","Total","Total","Number","294,983",""
"Reporting country","2012","Hungary","Total","Total","Number","9,788,564",""
"Reporting country","2012","Malta","Total","Total","Number","397,244",""
"Reporting country","2012","Netherlands","Total","Total","Number","15,944,291",""
"Reporting country","2012","Austria","Total","Total","Number","7,459,699",""
"Reporting country","2012","Poland","Total","Total","Number","37,967,456","p"
"Reporting country","2012","Portugal","Total","Total","Number","10,105,576",""
"Reporting country","2012","Romania","Total","Total","Number","21,319,018","p"
"Reporting country","2012","Slovenia","Total","Total","Number","1,969,941",""
"Reporting country","2012","Slovakia","Total","Total","Number","4,980,227","b"
"Reporting country","2012","Finland","Total","Total","Number","5,218,134",""
"Reporting country","2012","Sweden","Total","Total","Number","8,827,755",""
"Reporting country","2012","United Kingdom","Total","Total","Number","58,585,815",""
"Reporting country","2012","Iceland","Total","Total","Number","298,618",""
"Reporting country","2012","Liechtenstein","Total","Total","Number","24,331",""
"Reporting country","2012","Norway","Total","Total","Number","4,570,426",""
"Reporting country","2012","Switzerland","Total","Total","Number","6,138,668",""
"Reporting country","2013","Belgium","Total","Total","Number","9,904,432",""
"Reporting country","2013","Bulgaria","Total","Total","Number","7,239,255",""
"Reporting country","2013","Czech Republic","Total","Total","Number","10,093,814",""
"Reporting country","2013","Denmark","Total","Total","Number","5,227,923",""
"Reporting country","2013","Germany (until 1990 former territory of the FRG)","Total","Total","Number","73,880,047",""
"Reporting country","2013","Estonia","Total","Total","Number","1,121,789",""
"Reporting country","2013","Ireland","Total","Total","Number","4,047,451",""
"Reporting country","2013","Greece","Total","Total","Number","10,117,165",""
"Reporting country","2013","Spain","Total","Total","Number","41,655,210",""
"Reporting country","2013","France","Total","Total","Number","61,508,244",""
"Reporting country","2013","Croatia","Total","Total","Number","4,232,080",""
"Reporting country","2013","Italy","Total","Total","Number","55,297,506",""
"Reporting country","2013","Cyprus","Total","Total","Number","688,084",""
"Reporting country","2013","Latvia","Total","Total","Number","1,708,411",""
"Reporting country","2013","Lithuania","Total","Total","Number","2,947,856",""
"Reporting country","2013","Luxembourg","Total","Total","Number","298,195",""
"Reporting country","2013","Hungary","Total","Total","Number","9,767,441",""
"Reporting country","2013","Malta","Total","Total","Number","398,898",""
"Reporting country","2013","Netherlands","Total","Total","Number","15,983,332",""
"Reporting country","2013","Austria","Total","Total","Number","7,448,942",""
"Reporting country","2013","Poland","Total","Total","Number","37,961,327",""
"Reporting country","2013","Portugal","Total","Total","Number","10,070,247",""
"Reporting country","2013","Romania","Total","Total","Number","19,949,211",""
"Reporting country","2013","Slovenia","Total","Total","Number","1,967,436",""
"Reporting country","2013","Slovakia","Total","Total","Number","5,337,911",""
"Reporting country","2013","Finland","Total","Total","Number","5,231,163",""
"Reporting country","2013","Sweden","Total","Total","Number","8,888,661",""
"Reporting country","2013","United Kingdom","Total","Total","Number","58,902,990",""
"Reporting country","2013","Iceland","Total","Total","Number","300,411",""
"Reporting country","2013","Liechtenstein","Total","Total","Number","24,501",""
"Reporting country","2013","Norway","Total","Total","Number","4,591,730",""
"Reporting country","2013","Switzerland","Total","Total","Number","6,169,091",""
"Reporting country","2014","Belgium","Total","Total","Number","9,935,911",""
"Reporting country","2014","Bulgaria","Total","Total","Number","7,190,430",""
"Reporting country","2014","Czech Republic","Total","Total","Number","10,077,831",""
"Reporting country","2014","Denmark","Total","Total","Number","5,229,935",""
"Reporting country","2014","Germany (until 1990 former territory of the FRG)","Total","Total","Number","73,752,227",""
"Reporting country","2014","Estonia","Total","Total","Number","1,120,302",""
"Reporting country","2014","Ireland","Total","Total","Number","4,059,989","p"
"Reporting country","2014","Greece","Total","Total","Number","10,071,809",""
"Reporting country","2014","Spain","Total","Total","Number","41,835,140",""
"Reporting country","2014","France","Total","Total","Number","61,728,444","p"
"Reporting country","2014","Croatia","Total","Total","Number","4,212,761",""
"Reporting country","2014","Italy","Total","Total","Number","55,860,583",""
"Reporting country","2014","Cyprus","Total","Total","Number","690,929",""
"Reporting country","2014","Latvia","Total","Total","Number","1,696,633",""
"Reporting country","2014","Lithuania","Total","Total","Number","2,920,113",""
"Reporting country","2014","Luxembourg","Total","Total","Number","300,766",""
"Reporting country","2014","Hungary","Total","Total","Number","9,736,829",""
"Reporting country","2014","Malta","Total","Total","Number","400,404",""
"Reporting country","2014","Netherlands","Total","Total","Number","16,013,258",""
"Reporting country","2014","Austria","Total","Total","Number","7,444,437",""
"Reporting country","2014","Poland","Total","Total","Number","37,908,514","p"
"Reporting country","2014","Portugal","Total","Total","Number","10,025,981",""
"Reporting country","2014","Romania","Total","Total","Number","19,873,861",""
"Reporting country","2014","Slovenia","Total","Total","Number","1,964,477",""
"Reporting country","2014","Slovakia","Total","Total","Number","5,356,798",""
"Reporting country","2014","Finland","Total","Total","Number","5,243,759",""
"Reporting country","2014","Sweden","Total","Total","Number","8,950,202",""
"Reporting country","2014","United Kingdom","Total","Total","Number","59,233,536",""
"Reporting country","2014","Iceland","Total","Total","Number","302,927",""
"Reporting country","2014","Liechtenstein","Total","Total","Number","24,610",""
"Reporting country","2014","Norway","Total","Total","Number","4,625,479",""
"Reporting country","2014","Switzerland","Total","Total","Number","6,202,184",""
"Reporting country","2015","Belgium","Total","Total","Number","9,952,478","b"
"Reporting country","2015","Bulgaria","Total","Total","Number","7,134,038",""
"Reporting country","2015","Czech Republic","Total","Total","Number","10,080,950",""
"Reporting country","2015","Denmark","Total","Total","Number","5,237,156",""
"Reporting country","2015","Germany (until 1990 former territory of the FRG)","Total","Total","Number","73,657,763","b"
"Reporting country","2015","Estonia","Total","Total","Number","1,120,642",""
"Reporting country","2015","Ireland","Total","Total","Number","4,078,394","p"
"Reporting country","2015","Greece","Total","Total","Number","10,036,049",""
"Reporting country","2015","Spain","Total","Total","Number","41,995,211",""
"Reporting country","2015","France","Total","Total","Number","62,059,454","b"
"Reporting country","2015","Croatia","Total","Total","Number","4,186,278",""
"Reporting country","2015","Italy","Total","Total","Number","55,781,175",""
"Reporting country","2015","Cyprus","Total","Total","Number","694,739",""
"Reporting country","2015","Latvia","Total","Total","Number","1,687,663",""
"Reporting country","2015","Lithuania","Total","Total","Number","2,898,792",""
"Reporting country","2015","Luxembourg","Total","Total","Number","304,279",""
"Reporting country","2015","Hungary","Total","Total","Number","9,709,603",""
"Reporting country","2015","Malta","Total","Total","Number","401,868",""
"Reporting country","2015","Netherlands","Total","Total","Number","16,053,457",""
"Reporting country","2015","Austria","Total","Total","Number","7,438,776",""
"Reporting country","2015","Poland","Total","Total","Number","37,891,051","p"
"Reporting country","2015","Portugal","Total","Total","Number","9,979,627",""
"Reporting country","2015","Romania","Total","Total","Number","19,781,848",""
"Reporting country","2015","Slovenia","Total","Total","Number","1,961,342",""
"Reporting country","2015","Slovakia","Total","Total","Number","5,359,583",""
"Reporting country","2015","Finland","Total","Total","Number","5,252,078",""
"Reporting country","2015","Sweden","Total","Total","Number","9,007,920",""
"Reporting country","2015","United Kingdom","Total","Total","Number","59,423,295",""
"Reporting country","2015","Iceland","Total","Total","Number","304,806",""
"Reporting country","2015","Liechtenstein","Total","Total","Number","24,787",""
"Reporting country","2015","Norway","Total","Total","Number",":",""
"Reporting country","2015","Switzerland","Total","Total","Number","6,239,207",""
"Foreign country","2006","Belgium","Total","Total","Number","900,473","e"
"Foreign country","2006","Bulgaria","Total","Total","Number","26,000","e"
"Foreign country","2006","Czech Republic","Total","Total","Number","258,360",""
"Foreign country","2006","Denmark","Total","Total","Number","270,051",""
"Foreign country","2006","Germany (until 1990 former territory of the FRG)","Total","Total","Number","7,289,149",""
"Foreign country","2006","Estonia","Total","Total","Number","242,000","e"
"Foreign country","2006","Ireland","Total","Total","Number","429,281",""
"Foreign country","2006","Greece","Total","Total","Number","884,000","e"
"Foreign country","2006","Spain","Total","Total","Number","3,930,916",""
"Foreign country","2006","France","Total","Total","Number","3,510,000","e"
"Foreign country","2006","Croatia","Total","Total","Number",":",""
"Foreign country","2006","Italy","Total","Total","Number","2,670,514",""
"Foreign country","2006","Cyprus","Total","Total","Number","110,200","e"
"Foreign country","2006","Latvia","Total","Total","Number","456,758","e"
"Foreign country","2006","Lithuania","Total","Total","Number","32,685",""
"Foreign country","2006","Luxembourg","Total","Total","Number","191,400",""
"Foreign country","2006","Hungary","Total","Total","Number","156,160",""
"Foreign country","2006","Malta","Total","Total","Number","12,000","e"
"Foreign country","2006","Netherlands","Total","Total","Number","691,357",""
"Foreign country","2006","Austria","Total","Total","Number","796,666",""
"Foreign country","2006","Poland","Total","Total","Number","49,499","e"
"Foreign country","2006","Portugal","Total","Total","Number","276,000","e"
"Foreign country","2006","Romania","Total","Total","Number","25,993",""
"Foreign country","2006","Slovenia","Total","Total","Number","48,968",""
"Foreign country","2006","Slovakia","Total","Total","Number","25,563",""
"Foreign country","2006","Finland","Total","Total","Number","113,852",""
"Foreign country","2006","Sweden","Total","Total","Number","479,899",""
"Foreign country","2006","United Kingdom","Total","Total","Number","3,425,000","e"
"Foreign country","2006","Iceland","Total","Total","Number","13,778",""
"Foreign country","2006","Liechtenstein","Total","Total","Number",":",""
"Foreign country","2006","Norway","Total","Total","Number","222,277",""
"Foreign country","2006","Switzerland","Total","Total","Number","1,541,912",""
"Foreign country","2007","Belgium","Total","Total","Number","932,161",""
"Foreign country","2007","Bulgaria","Total","Total","Number","25,500","e"
"Foreign country","2007","Czech Republic","Total","Total","Number","296,236",""
"Foreign country","2007","Denmark","Total","Total","Number","278,096",""
"Foreign country","2007","Germany (until 1990 former territory of the FRG)","Total","Total","Number","7,255,949",""
"Foreign country","2007","Estonia","Total","Total","Number","236,400","e"
"Foreign country","2007","Ireland","Total","Total","Number","498,706","b"
"Foreign country","2007","Greece","Total","Total","Number","887,600","e"
"Foreign country","2007","Spain","Total","Total","Number","4,449,431",""
"Foreign country","2007","France","Total","Total","Number","3,685,544","e"
"Foreign country","2007","Croatia","Total","Total","Number","36,200",""
"Foreign country","2007","Italy","Total","Total","Number","2,938,922",""
"Foreign country","2007","Cyprus","Total","Total","Number","118,100",""
"Foreign country","2007","Latvia","Total","Total","Number","432,951",""
"Foreign country","2007","Lithuania","Total","Total","Number","32,240",""
"Foreign country","2007","Luxembourg","Total","Total","Number","198,213",""
"Foreign country","2007","Hungary","Total","Total","Number","167,873",""
"Foreign country","2007","Malta","Total","Total","Number","13,877",""
"Foreign country","2007","Netherlands","Total","Total","Number","681,932",""
"Foreign country","2007","Austria","Total","Total","Number","804,779",""
"Foreign country","2007","Poland","Total","Total","Number","54,883",""
"Foreign country","2007","Portugal","Total","Total","Number","434,887",""
"Foreign country","2007","Romania","Total","Total","Number","26,069",""
"Foreign country","2007","Slovenia","Total","Total","Number","53,555",""
"Foreign country","2007","Slovakia","Total","Total","Number","32,130",""
"Foreign country","2007","Finland","Total","Total","Number","121,739",""
"Foreign country","2007","Sweden","Total","Total","Number","491,996",""
"Foreign country","2007","United Kingdom","Total","Total","Number","3,659,900","e"
"Foreign country","2007","Iceland","Total","Total","Number",":",""
"Foreign country","2007","Liechtenstein","Total","Total","Number",":",""
"Foreign country","2007","Norway","Total","Total","Number","238,305",""
"Foreign country","2007","Switzerland","Total","Total","Number","1,554,527",""
"Foreign country","2008","Belgium","Total","Total","Number","971,448",""
"Foreign country","2008","Bulgaria","Total","Total","Number","36,265",""
"Foreign country","2008","Czech Republic","Total","Total","Number","347,649",""
"Foreign country","2008","Denmark","Total","Total","Number","298,450",""
"Foreign country","2008","Germany (until 1990 former territory of the FRG)","Total","Total","Number","7,255,395",""
"Foreign country","2008","Estonia","Total","Total","Number","229,300","e"
"Foreign country","2008","Ireland","Total","Total","Number","559,021",""
"Foreign country","2008","Greece","Total","Total","Number","927,584","e"
"Foreign country","2008","Spain","Total","Total","Number","5,086,293",""
"Foreign country","2008","France","Total","Total","Number","3,709,814","e"
"Foreign country","2008","Croatia","Total","Total","Number","37,100","e"
"Foreign country","2008","Italy","Total","Total","Number","3,432,651",""
"Foreign country","2008","Cyprus","Total","Total","Number","125,300","e"
"Foreign country","2008","Latvia","Total","Total","Number","404,876",""
"Foreign country","2008","Lithuania","Total","Total","Number","31,998",""
"Foreign country","2008","Luxembourg","Total","Total","Number","205,889",""
"Foreign country","2008","Hungary","Total","Total","Number","176,580",""
"Foreign country","2008","Malta","Total","Total","Number","15,460",""
"Foreign country","2008","Netherlands","Total","Total","Number","688,375",""
"Foreign country","2008","Austria","Total","Total","Number","824,974",""
"Foreign country","2008","Poland","Total","Total","Number","57,842",""
"Foreign country","2008","Portugal","Total","Total","Number","446,333",""
"Foreign country","2008","Romania","Total","Total","Number","26,100",""
"Foreign country","2008","Slovenia","Total","Total","Number","68,621",""
"Foreign country","2008","Slovakia","Total","Total","Number","40,904",""
"Foreign country","2008","Finland","Total","Total","Number","132,708",""
"Foreign country","2008","Sweden","Total","Total","Number","524,488",""
"Foreign country","2008","United Kingdom","Total","Total","Number","4,020,800","e"
"Foreign country","2008","Iceland","Total","Total","Number","23,420",""
"Foreign country","2008","Liechtenstein","Total","Total","Number",":",""
"Foreign country","2008","Norway","Total","Total","Number","266,260",""
"Foreign country","2008","Switzerland","Total","Total","Number","1,602,093",""
"Foreign country","2009","Belgium","Total","Total","Number","1,009,055","p"
"Foreign country","2009","Bulgaria","Total","Total","Number","37,132",""
"Foreign country","2009","Czech Republic","Total","Total","Number","407,541",""
"Foreign country","2009","Denmark","Total","Total","Number","320,033",""
"Foreign country","2009","Germany (until 1990 former territory of the FRG)","Total","Total","Number","7,185,921",""
"Foreign country","2009","Estonia","Total","Total","Number","214,437",""
"Foreign country","2009","Ireland","Total","Total","Number","579,770",""
"Foreign country","2009","Greece","Total","Total","Number","927,584",""
"Foreign country","2009","Spain","Total","Total","Number","5,386,659",""
"Foreign country","2009","France","Total","Total","Number","3,750,406",""
"Foreign country","2009","Croatia","Total","Total","Number",":",""
"Foreign country","2009","Italy","Total","Total","Number","3,402,435",""
"Foreign country","2009","Cyprus","Total","Total","Number","124,649",""
"Foreign country","2009","Latvia","Total","Total","Number","382,704",""
"Foreign country","2009","Lithuania","Total","Total","Number","30,907",""
"Foreign country","2009","Luxembourg","Total","Total","Number","214,848",""
"Foreign country","2009","Hungary","Total","Total","Number","186,365",""
"Foreign country","2009","Malta","Total","Total","Number","16,791",""
"Foreign country","2009","Netherlands","Total","Total","Number","637,136",""
"Foreign country","2009","Austria","Total","Total","Number","852,604",""
"Foreign country","2009","Poland","Total","Total","Number",":",""
"Foreign country","2009","Portugal","Total","Total","Number","440,277",""
"Foreign country","2009","Romania","Total","Total","Number","31,354",""
"Foreign country","2009","Slovenia","Total","Total","Number","70,554","b"
"Foreign country","2009","Slovakia","Total","Total","Number","52,545",""
"Foreign country","2009","Finland","Total","Total","Number","142,288",""
"Foreign country","2009","Sweden","Total","Total","Number","547,664",""
"Foreign country","2009","United Kingdom","Total","Total","Number","4,244,092",""
"Foreign country","2009","Iceland","Total","Total","Number","24,379",""
"Foreign country","2009","Liechtenstein","Total","Total","Number","11,770",""
"Foreign country","2009","Norway","Total","Total","Number","302,908",""
"Foreign country","2009","Switzerland","Total","Total","Number","1,669,715",""
"Foreign country","2010","Belgium","Total","Total","Number","1,052,844","p"
"Foreign country","2010","Bulgaria","Total","Total","Number","38,002",""
"Foreign country","2010","Czech Republic","Total","Total","Number","424,419",""
"Foreign country","2010","Denmark","Total","Total","Number","329,797",""
"Foreign country","2010","Germany (until 1990 former territory of the FRG)","Total","Total","Number","7,130,919",""
"Foreign country","2010","Estonia","Total","Total","Number","212,659",""
"Foreign country","2010","Ireland","Total","Total","Number","570,190",""
"Foreign country","2010","Greece","Total","Total","Number","931,424",""
"Foreign country","2010","Spain","Total","Total","Number","5,402,575",""
"Foreign country","2010","France","Total","Total","Number","3,824,590",""
"Foreign country","2010","Croatia","Total","Total","Number",":",""
"Foreign country","2010","Italy","Total","Total","Number","3,648,128",""
"Foreign country","2010","Cyprus","Total","Total","Number","163,102",""
"Foreign country","2010","Latvia","Total","Total","Number","362,378",""
"Foreign country","2010","Lithuania","Total","Total","Number","27,318",""
"Foreign country","2010","Luxembourg","Total","Total","Number","215,699",""
"Foreign country","2010","Hungary","Total","Total","Number","200,005",""
"Foreign country","2010","Malta","Total","Total","Number","18,952",""
"Foreign country","2010","Netherlands","Total","Total","Number","652,188",""
"Foreign country","2010","Austria","Total","Total","Number","876,068",""
"Foreign country","2010","Poland","Total","Total","Number","75,210",""
"Foreign country","2010","Portugal","Total","Total","Number","454,191",""
"Foreign country","2010","Romania","Total","Total","Number",":",""
"Foreign country","2010","Slovenia","Total","Total","Number","82,176",""
"Foreign country","2010","Slovakia","Total","Total","Number","62,882",""
"Foreign country","2010","Finland","Total","Total","Number","154,623",""
"Foreign country","2010","Sweden","Total","Total","Number","590,475",""
"Foreign country","2010","United Kingdom","Total","Total","Number","4,435,587",""
"Foreign country","2010","Iceland","Total","Total","Number","21,701",""
"Foreign country","2010","Liechtenstein","Total","Total","Number","11,886",""
"Foreign country","2010","Norway","Total","Total","Number","331,618",""
"Foreign country","2010","Switzerland","Total","Total","Number","1,714,004",""
"Foreign country","2011","Belgium","Total","Total","Number","1,162,608","b"
"Foreign country","2011","Bulgaria","Total","Total","Number","38,815",""
"Foreign country","2011","Czech Republic","Total","Total","Number","416,737",""
"Foreign country","2011","Denmark","Total","Total","Number","345,884",""
"Foreign country","2011","Germany (until 1990 former territory of the FRG)","Total","Total","Number","6,107,216",""
"Foreign country","2011","Estonia","Total","Total","Number","208,038","b"
"Foreign country","2011","Ireland","Total","Total","Number","560,478",""
"Foreign country","2011","Greece","Total","Total","Number","934,395",""
"Foreign country","2011","Spain","Total","Total","Number","5,312,439",""
"Foreign country","2011","France","Total","Total","Number","3,875,096",""
"Foreign country","2011","Croatia","Total","Total","Number",":",""
"Foreign country","2011","Italy","Total","Total","Number","3,879,224",""
"Foreign country","2011","Cyprus","Total","Total","Number","167,783",""
"Foreign country","2011","Latvia","Total","Total","Number","342,799",""
"Foreign country","2011","Lithuania","Total","Total","Number","24,031",""
"Foreign country","2011","Luxembourg","Total","Total","Number","220,705",""
"Foreign country","2011","Hungary","Total","Total","Number","209,202",""
"Foreign country","2011","Malta","Total","Total","Number","19,139",""
"Foreign country","2011","Netherlands","Total","Total","Number","673,235",""
"Foreign country","2011","Austria","Total","Total","Number","905,435",""
"Foreign country","2011","Poland","Total","Total","Number","79,338","p"
"Foreign country","2011","Portugal","Total","Total","Number","445,262",""
"Foreign country","2011","Romania","Total","Total","Number",":",""
"Foreign country","2011","Slovenia","Total","Total","Number","82,746",""
"Foreign country","2011","Slovakia","Total","Total","Number","67,976",""
"Foreign country","2011","Finland","Total","Total","Number","166,627",""
"Foreign country","2011","Sweden","Total","Total","Number","622,275",""
"Foreign country","2011","United Kingdom","Total","Total","Number","4,546,862",""
"Foreign country","2011","Iceland","Total","Total","Number","21,143",""
"Foreign country","2011","Liechtenstein","Total","Total","Number","12,004",""
"Foreign country","2011","Norway","Total","Total","Number","368,475",""
"Foreign country","2011","Switzerland","Total","Total","Number","1,765,750","b"
"Foreign country","2012","Belgium","Total","Total","Number","1,224,904",""
"Foreign country","2012","Bulgaria","Total","Total","Number","39,432",""
"Foreign country","2012","Czech Republic","Total","Total","Number","422,966",""
"Foreign country","2012","Denmark","Total","Total","Number","358,714",""
"Foreign country","2012","Germany (until 1990 former territory of the FRG)","Total","Total","Number","6,342,394",""
"Foreign country","2012","Estonia","Total","Total","Number","206,558",""
"Foreign country","2012","Ireland","Total","Total","Number","548,915",""
"Foreign country","2012","Greece","Total","Total","Number","921,447",""
"Foreign country","2012","Spain","Total","Total","Number","5,236,030",""
"Foreign country","2012","France","Total","Total","Number","3,944,725",""
"Foreign country","2012","Croatia","Total","Total","Number",":","d"
"Foreign country","2012","Italy","Total","Total","Number","4,052,081",""
"Foreign country","2012","Cyprus","Total","Total","Number","172,427",""
"Foreign country","2012","Latvia","Total","Total","Number","324,288",""
"Foreign country","2012","Lithuania","Total","Total","Number","22,865",""
"Foreign country","2012","Luxembourg","Total","Total","Number","229,870",""
"Foreign country","2012","Hungary","Total","Total","Number","143,125",""
"Foreign country","2012","Malta","Total","Total","Number","20,302",""
"Foreign country","2012","Netherlands","Total","Total","Number","697,741",""
"Foreign country","2012","Austria","Total","Total","Number","945,176",""
"Foreign country","2012","Poland","Total","Total","Number","85,829","p"
"Foreign country","2012","Portugal","Total","Total","Number","436,822",""
"Foreign country","2012","Romania","Total","Total","Number","36,536","p"
"Foreign country","2012","Slovenia","Total","Total","Number","85,555",""
"Foreign country","2012","Slovakia","Total","Total","Number","70,727","b"
"Foreign country","2012","Finland","Total","Total","Number","181,697",""
"Foreign country","2012","Sweden","Total","Total","Number","646,095",""
"Foreign country","2012","United Kingdom","Total","Total","Number","4,884,378",""
"Foreign country","2012","Iceland","Total","Total","Number","20,957",""
"Foreign country","2012","Liechtenstein","Total","Total","Number","12,144",""
"Foreign country","2012","Norway","Total","Total","Number","409,193",""
"Foreign country","2012","Switzerland","Total","Total","Number","1,815,063",""
"Foreign country","2013","Belgium","Total","Total","Number","1,253,902",""
"Foreign country","2013","Bulgaria","Total","Total","Number","45,201",""
"Foreign country","2013","Czech Republic","Total","Total","Number","422,280",""
"Foreign country","2013","Denmark","Total","Total","Number","374,569",""
"Foreign country","2013","Germany (until 1990 former territory of the FRG)","Total","Total","Number","6,643,699",""
"Foreign country","2013","Estonia","Total","Total","Number","197,141",""
"Foreign country","2013","Ireland","Total","Total","Number","543,636",""
"Foreign country","2013","Greece","Total","Total","Number","886,450",""
"Foreign country","2013","Spain","Total","Total","Number","5,072,680",""
"Foreign country","2013","France","Total","Total","Number","4,092,106",""
"Foreign country","2013","Croatia","Total","Total","Number","27,854",""
"Foreign country","2013","Italy","Total","Total","Number","4,387,721",""
"Foreign country","2013","Cyprus","Total","Total","Number","170,076",""
"Foreign country","2013","Latvia","Total","Total","Number","315,414",""
"Foreign country","2013","Lithuania","Total","Total","Number","22,224",""
"Foreign country","2013","Luxembourg","Total","Total","Number","238,844",""
"Foreign country","2013","Hungary","Total","Total","Number","141,122",""
"Foreign country","2013","Malta","Total","Total","Number","22,466",""
"Foreign country","2013","Netherlands","Total","Total","Number","714,552",""
"Foreign country","2013","Austria","Total","Total","Number","997,038",""
"Foreign country","2013","Poland","Total","Total","Number","93,265",""
"Foreign country","2013","Portugal","Total","Total","Number","417,042",""
"Foreign country","2013","Romania","Total","Total","Number","70,666",""
"Foreign country","2013","Slovenia","Total","Total","Number","91,385",""
"Foreign country","2013","Slovakia","Total","Total","Number","72,925",""
"Foreign country","2013","Finland","Total","Total","Number","194,250",""
"Foreign country","2013","Sweden","Total","Total","Number","659,374",""
"Foreign country","2013","United Kingdom","Total","Total","Number","4,978,470",""
"Foreign country","2013","Iceland","Total","Total","Number","21,446",""
"Foreign country","2013","Liechtenstein","Total","Total","Number","12,337",""
"Foreign country","2013","Norway","Total","Total","Number","457,396",""
"Foreign country","2013","Switzerland","Total","Total","Number","1,869,070",""
"Foreign country","2014","Belgium","Total","Total","Number","1,264,427",""
"Foreign country","2014","Bulgaria","Total","Total","Number","54,422",""
"Foreign country","2014","Czech Republic","Total","Total","Number","434,581",""
"Foreign country","2014","Denmark","Total","Total","Number","397,221",""
"Foreign country","2014","Germany (until 1990 former territory of the FRG)","Total","Total","Number","7,015,236",""
"Foreign country","2014","Estonia","Total","Total","Number","194,917",""
"Foreign country","2014","Ireland","Total","Total","Number","545,512","p"
"Foreign country","2014","Greece","Total","Total","Number","854,998",""
"Foreign country","2014","Spain","Total","Total","Number","4,677,059",""
"Foreign country","2014","France","Total","Total","Number","4,160,704","p"
"Foreign country","2014","Croatia","Total","Total","Number","31,704",""
"Foreign country","2014","Italy","Total","Total","Number","4,922,085",""
"Foreign country","2014","Cyprus","Total","Total","Number","159,336",""
"Foreign country","2014","Latvia","Total","Total","Number","304,835",""
"Foreign country","2014","Lithuania","Total","Total","Number","21,577",""
"Foreign country","2014","Luxembourg","Total","Total","Number","248,914",""
"Foreign country","2014","Hungary","Total","Total","Number","140,301",""
"Foreign country","2014","Malta","Total","Total","Number","24,980",""
"Foreign country","2014","Netherlands","Total","Total","Number","735,354",""
"Foreign country","2014","Austria","Total","Total","Number","1,056,782",""
"Foreign country","2014","Poland","Total","Total","Number","101,204","p"
"Foreign country","2014","Portugal","Total","Total","Number","401,320",""
"Foreign country","2014","Romania","Total","Total","Number","73,434",""
"Foreign country","2014","Slovenia","Total","Total","Number","96,608",""
"Foreign country","2014","Slovakia","Total","Total","Number","59,151",""
"Foreign country","2014","Finland","Total","Total","Number","206,651",""
"Foreign country","2014","Sweden","Total","Total","Number","687,192",""
"Foreign country","2014","United Kingdom","Total","Total","Number","5,047,653",""
"Foreign country","2014","Iceland","Total","Total","Number","22,744",""
"Foreign country","2014","Liechtenstein","Total","Total","Number","12,519",""
"Foreign country","2014","Norway","Total","Total","Number","482,054",""
"Foreign country","2014","Switzerland","Total","Total","Number","1,936,412",""
"Foreign country","2015","Belgium","Total","Total","Number","1,300,493",""
"Foreign country","2015","Bulgaria","Total","Total","Number","65,622",""
"Foreign country","2015","Czech Republic","Total","Total","Number","457,323",""
"Foreign country","2015","Denmark","Total","Total","Number","422,492",""
"Foreign country","2015","Germany (until 1990 former territory of the FRG)","Total","Total","Number",":",""
"Foreign country","2015","Estonia","Total","Total","Number","191,317",""
"Foreign country","2015","Ireland","Total","Total","Number","550,555","p"
"Foreign country","2015","Greece","Total","Total","Number","821,969",""
"Foreign country","2015","Spain","Total","Total","Number","4,454,354",""
"Foreign country","2015","France","Total","Total","Number","4,355,707","b"
"Foreign country","2015","Croatia","Total","Total","Number","36,679",""
"Foreign country","2015","Italy","Total","Total","Number","5,014,437",""
"Foreign country","2015","Cyprus","Total","Total","Number","144,599",""
"Foreign country","2015","Latvia","Total","Total","Number","298,433",""
"Foreign country","2015","Lithuania","Total","Total","Number","22,470",""
"Foreign country","2015","Luxembourg","Total","Total","Number","258,679",""
"Foreign country","2015","Hungary","Total","Total","Number","145,727",""
"Foreign country","2015","Malta","Total","Total","Number","27,476",""
"Foreign country","2015","Netherlands","Total","Total","Number","773,288",""
"Foreign country","2015","Austria","Total","Total","Number","1,131,164",""
"Foreign country","2015","Poland","Total","Total","Number","108,279","p"
"Foreign country","2015","Portugal","Total","Total","Number","395,195",""
"Foreign country","2015","Romania","Total","Total","Number","88,771",""
"Foreign country","2015","Slovenia","Total","Total","Number","101,532",""
"Foreign country","2015","Slovakia","Total","Total","Number","61,766",""
"Foreign country","2015","Finland","Total","Total","Number","218,803",""
"Foreign country","2015","Sweden","Total","Total","Number","731,215",""
"Foreign country","2015","United Kingdom","Total","Total","Number","5,422,094",""
"Foreign country","2015","Iceland","Total","Total","Number","24,294",""
"Foreign country","2015","Liechtenstein","Total","Total","Number","12,579",""
"Foreign country","2015","Norway","Total","Total","Number",":",""
"Foreign country","2015","Switzerland","Total","Total","Number","1,997,179",""
"Unknown","2006","Belgium","Total","Total","Number",":",""
"Unknown","2006","Bulgaria","Total","Total","Number",":",""
"Unknown","2006","Czech Republic","Total","Total","Number",":",""
"Unknown","2006","Denmark","Total","Total","Number",":",""
"Unknown","2006","Germany (until 1990 former territory of the FRG)","Total","Total","Number",":",""
"Unknown","2006","Estonia","Total","Total","Number",":",""
"Unknown","2006","Ireland","Total","Total","Number",":",""
"Unknown","2006","Greece","Total","Total","Number",":",""
"Unknown","2006","Spain","Total","Total","Number","0",""
"Unknown","2006","France","Total","Total","Number",":",""
"Unknown","2006","Croatia","Total","Total","Number",":",""
"Unknown","2006","Italy","Total","Total","Number",":",""
"Unknown","2006","Cyprus","Total","Total","Number",":",""
"Unknown","2006","Latvia","Total","Total","Number",":",""
"Unknown","2006","Lithuania","Total","Total","Number","1,311",""
"Unknown","2006","Luxembourg","Total","Total","Number",":",""
"Unknown","2006","Hungary","Total","Total","Number",":",""
"Unknown","2006","Malta","Total","Total","Number",":",""
"Unknown","2006","Netherlands","Total","Total","Number",":",""
"Unknown","2006","Austria","Total","Total","Number","13,127",""
"Unknown","2006","Poland","Total","Total","Number",":",""
"Unknown","2006","Portugal","Total","Total","Number",":",""
"Unknown","2006","Romania","Total","Total","Number",":",""
"Unknown","2006","Slovenia","Total","Total","Number",":",""
"Unknown","2006","Slovakia","Total","Total","Number",":",""
"Unknown","2006","Finland","Total","Total","Number",":",""
"Unknown","2006","Sweden","Total","Total","Number",":",""
"Unknown","2006","United Kingdom","Total","Total","Number",":",""
"Unknown","2006","Iceland","Total","Total","Number",":",""
"Unknown","2006","Liechtenstein","Total","Total","Number",":",""
"Unknown","2006","Norway","Total","Total","Number",":",""
"Unknown","2006","Switzerland","Total","Total","Number",":",""
"Unknown","2007","Belgium","Total","Total","Number",":",""
"Unknown","2007","Bulgaria","Total","Total","Number",":",""
"Unknown","2007","Czech Republic","Total","Total","Number",":",""
"Unknown","2007","Denmark","Total","Total","Number",":",""
"Unknown","2007","Germany (until 1990 former territory of the FRG)","Total","Total","Number",":",""
"Unknown","2007","Estonia","Total","Total","Number",":",""
"Unknown","2007","Ireland","Total","Total","Number","0","b"
"Unknown","2007","Greece","Total","Total","Number",":",""
"Unknown","2007","Spain","Total","Total","Number","0",""
"Unknown","2007","France","Total","Total","Number",":",""
"Unknown","2007","Croatia","Total","Total","Number",":",""
"Unknown","2007","Italy","Total","Total","Number",":",""
"Unknown","2007","Cyprus","Total","Total","Number",":",""
"Unknown","2007","Latvia","Total","Total","Number",":",""
"Unknown","2007","Lithuania","Total","Total","Number","983",""
"Unknown","2007","Luxembourg","Total","Total","Number",":",""
"Unknown","2007","Hungary","Total","Total","Number",":",""
"Unknown","2007","Malta","Total","Total","Number",":",""
"Unknown","2007","Netherlands","Total","Total","Number",":",""
"Unknown","2007","Austria","Total","Total","Number","11,415",""
"Unknown","2007","Poland","Total","Total","Number",":",""
"Unknown","2007","Portugal","Total","Total","Number",":",""
"Unknown","2007","Romania","Total","Total","Number",":",""
"Unknown","2007","Slovenia","Total","Total","Number",":",""
"Unknown","2007","Slovakia","Total","Total","Number",":",""
"Unknown","2007","Finland","Total","Total","Number",":",""
"Unknown","2007","Sweden","Total","Total","Number",":",""
"Unknown","2007","United Kingdom","Total","Total","Number",":",""
"Unknown","2007","Iceland","Total","Total","Number",":",""
"Unknown","2007","Liechtenstein","Total","Total","Number",":",""
"Unknown","2007","Norway","Total","Total","Number",":",""
"Unknown","2007","Switzerland","Total","Total","Number",":",""
"Unknown","2008","Belgium","Total","Total","Number",":",""
"Unknown","2008","Bulgaria","Total","Total","Number","74",""
"Unknown","2008","Czech Republic","Total","Total","Number",":",""
"Unknown","2008","Denmark","Total","Total","Number",":",""
"Unknown","2008","Germany (until 1990 former territory of the FRG)","Total","Total","Number",":",""
"Unknown","2008","Estonia","Total","Total","Number",":",""
"Unknown","2008","Ireland","Total","Total","Number","0",""
"Unknown","2008","Greece","Total","Total","Number","0",""
"Unknown","2008","Spain","Total","Total","Number","0",""
"Unknown","2008","France","Total","Total","Number",":",""
"Unknown","2008","Croatia","Total","Total","Number",":",""
"Unknown","2008","Italy","Total","Total","Number",":",""
"Unknown","2008","Cyprus","Total","Total","Number",":",""
"Unknown","2008","Latvia","Total","Total","Number",":",""
"Unknown","2008","Lithuania","Total","Total","Number","709",""
"Unknown","2008","Luxembourg","Total","Total","Number",":",""
"Unknown","2008","Hungary","Total","Total","Number",":",""
"Unknown","2008","Malta","Total","Total","Number",":",""
"Unknown","2008","Netherlands","Total","Total","Number",":",""
"Unknown","2008","Austria","Total","Total","Number","3,196",""
"Unknown","2008","Poland","Total","Total","Number",":",""
"Unknown","2008","Portugal","Total","Total","Number",":",""
"Unknown","2008","Romania","Total","Total","Number",":",""
"Unknown","2008","Slovenia","Total","Total","Number",":",""
"Unknown","2008","Slovakia","Total","Total","Number",":",""
"Unknown","2008","Finland","Total","Total","Number",":",""
"Unknown","2008","Sweden","Total","Total","Number",":",""
"Unknown","2008","United Kingdom","Total","Total","Number",":",""
"Unknown","2008","Iceland","Total","Total","Number","1",""
"Unknown","2008","Liechtenstein","Total","Total","Number",":",""
"Unknown","2008","Norway","Total","Total","Number",":",""
"Unknown","2008","Switzerland","Total","Total","Number",":",""
"Unknown","2009","Belgium","Total","Total","Number","4,205","p"
"Unknown","2009","Bulgaria","Total","Total","Number","75",""
"Unknown","2009","Czech Republic","Total","Total","Number","0",""
"Unknown","2009","Denmark","Total","Total","Number","155",""
"Unknown","2009","Germany (until 1990 former territory of the FRG)","Total","Total","Number","0",""
"Unknown","2009","Estonia","Total","Total","Number","1,060",""
"Unknown","2009","Ireland","Total","Total","Number","0",""
"Unknown","2009","Greece","Total","Total","Number","0",""
"Unknown","2009","Spain","Total","Total","Number","0",""
"Unknown","2009","France","Total","Total","Number",":",""
"Unknown","2009","Croatia","Total","Total","Number",":",""
"Unknown","2009","Italy","Total","Total","Number","0",""
"Unknown","2009","Cyprus","Total","Total","Number","3,526",""
"Unknown","2009","Latvia","Total","Total","Number",":",""
"Unknown","2009","Lithuania","Total","Total","Number","476",""
"Unknown","2009","Luxembourg","Total","Total","Number","661",""
"Unknown","2009","Hungary","Total","Total","Number","0",""
"Unknown","2009","Malta","Total","Total","Number","0",""
"Unknown","2009","Netherlands","Total","Total","Number","82,358",""
"Unknown","2009","Austria","Total","Total","Number","4,439",""
"Unknown","2009","Poland","Total","Total","Number",":",""
"Unknown","2009","Portugal","Total","Total","Number","0",""
"Unknown","2009","Romania","Total","Total","Number","311",""
"Unknown","2009","Slovenia","Total","Total","Number","169","b"
"Unknown","2009","Slovakia","Total","Total","Number","0",""
"Unknown","2009","Finland","Total","Total","Number","968",""
"Unknown","2009","Sweden","Total","Total","Number","14,460",""
"Unknown","2009","United Kingdom","Total","Total","Number","30,344",""
"Unknown","2009","Iceland","Total","Total","Number","0",""
"Unknown","2009","Liechtenstein","Total","Total","Number","0",""
"Unknown","2009","Norway","Total","Total","Number","69",""
"Unknown","2009","Switzerland","Total","Total","Number",":",""
"Unknown","2010","Belgium","Total","Total","Number","4,822","p"
"Unknown","2010","Bulgaria","Total","Total","Number","72",""
"Unknown","2010","Czech Republic","Total","Total","Number","0",""
"Unknown","2010","Denmark","Total","Total","Number","143",""
"Unknown","2010","Germany (until 1990 former territory of the FRG)","Total","Total","Number","0",""
"Unknown","2010","Estonia","Total","Total","Number","760",""
"Unknown","2010","Ireland","Total","Total","Number","0",""
"Unknown","2010","Greece","Total","Total","Number","0",""
"Unknown","2010","Spain","Total","Total","Number","0",""
"Unknown","2010","France","Total","Total","Number",":",""
"Unknown","2010","Croatia","Total","Total","Number",":",""
"Unknown","2010","Italy","Total","Total","Number","0",""
"Unknown","2010","Cyprus","Total","Total","Number","2,875",""
"Unknown","2010","Latvia","Total","Total","Number",":",""
"Unknown","2010","Lithuania","Total","Total","Number","280",""
"Unknown","2010","Luxembourg","Total","Total","Number","646",""
"Unknown","2010","Hungary","Total","Total","Number","0",""
"Unknown","2010","Malta","Total","Total","Number","0",""
"Unknown","2010","Netherlands","Total","Total","Number","83,009",""
"Unknown","2010","Austria","Total","Total","Number","4,483",""
"Unknown","2010","Poland","Total","Total","Number","11,262",""
"Unknown","2010","Portugal","Total","Total","Number","0",""
"Unknown","2010","Romania","Total","Total","Number",":",""
"Unknown","2010","Slovenia","Total","Total","Number","140",""
"Unknown","2010","Slovakia","Total","Total","Number","0",""
"Unknown","2010","Finland","Total","Total","Number","1,082",""
"Unknown","2010","Sweden","Total","Total","Number","12,418",""
"Unknown","2010","United Kingdom","Total","Total","Number","22,141",""
"Unknown","2010","Iceland","Total","Total","Number","0",""
"Unknown","2010","Liechtenstein","Total","Total","Number","0",""
"Unknown","2010","Norway","Total","Total","Number","85",""
"Unknown","2010","Switzerland","Total","Total","Number","0",""
"Unknown","2011","Belgium","Total","Total","Number","6,020","b"
"Unknown","2011","Bulgaria","Total","Total","Number","72",""
"Unknown","2011","Czech Republic","Total","Total","Number",":",""
"Unknown","2011","Denmark","Total","Total","Number","162",""
"Unknown","2011","Germany (until 1990 former territory of the FRG)","Total","Total","Number","0","b"
"Unknown","2011","Estonia","Total","Total","Number","487","b"
"Unknown","2011","Ireland","Total","Total","Number","0",""
"Unknown","2011","Greece","Total","Total","Number","0",""
"Unknown","2011","Spain","Total","Total","Number","0",""
"Unknown","2011","France","Total","Total","Number",":",""
"Unknown","2011","Croatia","Total","Total","Number",":",""
"Unknown","2011","Italy","Total","Total","Number","0",""
"Unknown","2011","Cyprus","Total","Total","Number","2,959",""
"Unknown","2011","Latvia","Total","Total","Number","0",""
"Unknown","2011","Lithuania","Total","Total","Number","108",""
"Unknown","2011","Luxembourg","Total","Total","Number","659",""
"Unknown","2011","Hungary","Total","Total","Number","0",""
"Unknown","2011","Malta","Total","Total","Number","0",""
"Unknown","2011","Netherlands","Total","Total","Number","87,133",""
"Unknown","2011","Austria","Total","Total","Number","4,613",""
"Unknown","2011","Poland","Total","Total","Number","13,101","p"
"Unknown","2011","Portugal","Total","Total","Number","0",""
"Unknown","2011","Romania","Total","Total","Number",":",""
"Unknown","2011","Slovenia","Total","Total","Number","0",""
"Unknown","2011","Slovakia","Total","Total","Number","0",""
"Unknown","2011","Finland","Total","Total","Number","1,327",""
"Unknown","2011","Sweden","Total","Total","Number","11,017",""
"Unknown","2011","United Kingdom","Total","Total","Number","27,094",""
"Unknown","2011","Iceland","Total","Total","Number","0",""
"Unknown","2011","Liechtenstein","Total","Total","Number","0",""
"Unknown","2011","Norway","Total","Total","Number","94",""
"Unknown","2011","Switzerland","Total","Total","Number","527","b"
"Unknown","2012","Belgium","Total","Total","Number","3,061",""
"Unknown","2012","Bulgaria","Total","Total","Number","75",""
"Unknown","2012","Czech Republic","Total","Total","Number","25",""
"Unknown","2012","Denmark","Total","Total","Number","144",""
"Unknown","2012","Germany (until 1990 former territory of the FRG)","Total","Total","Number","0",""
"Unknown","2012","Estonia","Total","Total","Number","514",""
"Unknown","2012","Ireland","Total","Total","Number","0",""
"Unknown","2012","Greece","Total","Total","Number","0",""
"Unknown","2012","Spain","Total","Total","Number","0",""
"Unknown","2012","France","Total","Total","Number","0",""
"Unknown","2012","Croatia","Total","Total","Number",":","d"
"Unknown","2012","Italy","Total","Total","Number","0",""
"Unknown","2012","Cyprus","Total","Total","Number","5,590",""
"Unknown","2012","Latvia","Total","Total","Number","0",""
"Unknown","2012","Lithuania","Total","Total","Number","2,213",""
"Unknown","2012","Luxembourg","Total","Total","Number","0",""
"Unknown","2012","Hungary","Total","Total","Number","236",""
"Unknown","2012","Malta","Total","Total","Number","0",""
"Unknown","2012","Netherlands","Total","Total","Number","88,316",""
"Unknown","2012","Austria","Total","Total","Number","4,824",""
"Unknown","2012","Poland","Total","Total","Number","10,507","p"
"Unknown","2012","Portugal","Total","Total","Number","0",""
"Unknown","2012","Romania","Total","Total","Number","295","p"
"Unknown","2012","Slovenia","Total","Total","Number","0",""
"Unknown","2012","Slovakia","Total","Total","Number","353,368","b"
"Unknown","2012","Finland","Total","Total","Number","1,436",""
"Unknown","2012","Sweden","Total","Total","Number","9,005",""
"Unknown","2012","United Kingdom","Total","Total","Number","25,110",""
"Unknown","2012","Iceland","Total","Total","Number","0",""
"Unknown","2012","Liechtenstein","Total","Total","Number","0",""
"Unknown","2012","Norway","Total","Total","Number","92",""
"Unknown","2012","Switzerland","Total","Total","Number","931",""
"Unknown","2013","Belgium","Total","Total","Number","3,308",""
"Unknown","2013","Bulgaria","Total","Total","Number","96",""
"Unknown","2013","Czech Republic","Total","Total","Number","31",""
"Unknown","2013","Denmark","Total","Total","Number","136",""
"Unknown","2013","Germany (until 1990 former territory of the FRG)","Total","Total","Number","0",""
"Unknown","2013","Estonia","Total","Total","Number","1,244",""
"Unknown","2013","Ireland","Total","Total","Number","0",""
"Unknown","2013","Greece","Total","Total","Number","0",""
"Unknown","2013","Spain","Total","Total","Number","0",""
"Unknown","2013","France","Total","Total","Number","0",""
"Unknown","2013","Croatia","Total","Total","Number","2,206",""
"Unknown","2013","Italy","Total","Total","Number","0",""
"Unknown","2013","Cyprus","Total","Total","Number","7,718",""
"Unknown","2013","Latvia","Total","Total","Number","0",""
"Unknown","2013","Lithuania","Total","Total","Number","1,825",""
"Unknown","2013","Luxembourg","Total","Total","Number","0",""
"Unknown","2013","Hungary","Total","Total","Number","235",""
"Unknown","2013","Malta","Total","Total","Number","0",""
"Unknown","2013","Netherlands","Total","Total","Number","81,691",""
"Unknown","2013","Austria","Total","Total","Number","5,169",""
"Unknown","2013","Poland","Total","Total","Number","7,943",""
"Unknown","2013","Portugal","Total","Total","Number","0",""
"Unknown","2013","Romania","Total","Total","Number","197",""
"Unknown","2013","Slovenia","Total","Total","Number","0",""
"Unknown","2013","Slovakia","Total","Total","Number","0",""
"Unknown","2013","Finland","Total","Total","Number","1,261",""
"Unknown","2013","Sweden","Total","Total","Number","7,858",""
"Unknown","2013","United Kingdom","Total","Total","Number","23,837",""
"Unknown","2013","Iceland","Total","Total","Number","0",""
"Unknown","2013","Liechtenstein","Total","Total","Number","0",""
"Unknown","2013","Norway","Total","Total","Number","97",""
"Unknown","2013","Switzerland","Total","Total","Number","899",""
"Unknown","2014","Belgium","Total","Total","Number","3,654",""
"Unknown","2014","Bulgaria","Total","Total","Number","825",""
"Unknown","2014","Czech Republic","Total","Total","Number","7",""
"Unknown","2014","Denmark","Total","Total","Number","79",""
"Unknown","2014","Germany (until 1990 former territory of the FRG)","Total","Total","Number","0",""
"Unknown","2014","Estonia","Total","Total","Number","600",""
"Unknown","2014","Ireland","Total","Total","Number","0","p"
"Unknown","2014","Greece","Total","Total","Number","0",""
"Unknown","2014","Spain","Total","Total","Number","0",""
"Unknown","2014","France","Total","Total","Number","0","p"
"Unknown","2014","Croatia","Total","Total","Number","2,344",""
"Unknown","2014","Italy","Total","Total","Number","0",""
"Unknown","2014","Cyprus","Total","Total","Number","7,735",""
"Unknown","2014","Latvia","Total","Total","Number","0",""
"Unknown","2014","Lithuania","Total","Total","Number","1,782",""
"Unknown","2014","Luxembourg","Total","Total","Number","0",""
"Unknown","2014","Hungary","Total","Total","Number","235",""
"Unknown","2014","Malta","Total","Total","Number","0",""
"Unknown","2014","Netherlands","Total","Total","Number","80,677",""
"Unknown","2014","Austria","Total","Total","Number","5,670",""
"Unknown","2014","Poland","Total","Total","Number","8,138","p"
"Unknown","2014","Portugal","Total","Total","Number","0",""
"Unknown","2014","Romania","Total","Total","Number","16",""
"Unknown","2014","Slovenia","Total","Total","Number","0",""
"Unknown","2014","Slovakia","Total","Total","Number","0",""
"Unknown","2014","Finland","Total","Total","Number","860",""
"Unknown","2014","Sweden","Total","Total","Number","7,470",""
"Unknown","2014","United Kingdom","Total","Total","Number","27,072",""
"Unknown","2014","Iceland","Total","Total","Number","0",""
"Unknown","2014","Liechtenstein","Total","Total","Number","0",""
"Unknown","2014","Norway","Total","Total","Number","437",""
"Unknown","2014","Switzerland","Total","Total","Number","1,035",""
"Unknown","2015","Belgium","Total","Total","Number","4,128","b"
"Unknown","2015","Bulgaria","Total","Total","Number","2,538",""
"Unknown","2015","Czech Republic","Total","Total","Number","2",""
"Unknown","2015","Denmark","Total","Total","Number","67",""
"Unknown","2015","Germany (until 1990 former territory of the FRG)","Total","Total","Number","0","b"
"Unknown","2015","Estonia","Total","Total","Number","1,312",""
"Unknown","2015","Ireland","Total","Total","Number","0","p"
"Unknown","2015","Greece","Total","Total","Number","0",""
"Unknown","2015","Spain","Total","Total","Number","0",""
"Unknown","2015","France","Total","Total","Number","0","b"
"Unknown","2015","Croatia","Total","Total","Number","2,359",""
"Unknown","2015","Italy","Total","Total","Number","0",""
"Unknown","2015","Cyprus","Total","Total","Number","7,670",""
"Unknown","2015","Latvia","Total","Total","Number","0",""
"Unknown","2015","Lithuania","Total","Total","Number","0",""
"Unknown","2015","Luxembourg","Total","Total","Number","0",""
"Unknown","2015","Hungary","Total","Total","Number","241",""
"Unknown","2015","Malta","Total","Total","Number","0",""
"Unknown","2015","Netherlands","Total","Total","Number","73,981",""
"Unknown","2015","Austria","Total","Total","Number","6,321",""
"Unknown","2015","Poland","Total","Total","Number","6,284","p"
"Unknown","2015","Portugal","Total","Total","Number","0",""
"Unknown","2015","Romania","Total","Total","Number","28",""
"Unknown","2015","Slovenia","Total","Total","Number","0",""
"Unknown","2015","Slovakia","Total","Total","Number","0",""
"Unknown","2015","Finland","Total","Total","Number","872",""
"Unknown","2015","Sweden","Total","Total","Number","8,220",""
"Unknown","2015","United Kingdom","Total","Total","Number","29,776",""
"Unknown","2015","Iceland","Total","Total","Number","0",""
"Unknown","2015","Liechtenstein","Total","Total","Number","0",""
"Unknown","2015","Norway","Total","Total","Number",":",""
"Unknown","2015","Switzerland","Total","Total","Number","1,280",""
